S.No.,Benchmark Name,Variables,Clauses,Compilation Time,A+S (1%),A+S (2%),A+S (3%),A+S (4%),A+S (5%)
1,or-50-10-2,100,250,7.32,95.23,94.7,94.47,94.08,93.91
2,or-50-10-6,100,250,15.36,342.58,339.97,341.09,339.52,337.56
3,or-50-10-8,100,250,26.13,714.06,712.45,708.4,704.14,700.81
4,or-50-20-2,100,250,6.77,112.32,111.56,109.17,111.01,110.63
5,or-50-20-3,100,250,13.47,184.78,187.13,185.68,185.59,185.02
6,or-50-20-7,100,250,23.93,384.9,381.29,383.07,380.76,380.94
7,or-50-5-1,100,250,8.91,154.21,153.62,154.86,153.47,152.91
8,or-50-10-1,100,250,6.52,120.74,119.54,120.36,121.24,NS
9,or-50-10-3,100,250,10.86,188.92,189.89,188.99,188.03,NS
10,or-50-10-4,100,250,24.32,327.52,324.76,323.3,NS,325.81
11,or-50-10-7,100,250,25.69,536,539.7,538.89,NS,538.12
12,or-50-20-4,100,250,2.47,44.43,45.04,44.13,NS,44.49
13,or-50-20-9,100,250,12.56,252.15,252.1,NS,250.57,249.64
14,or-50-5-10,100,250,10.35,130.52,130.83,131.1,NS,130.57
15,or-50-5-3,100,250,9.7,214.3,NS,212.76,213.27,217.74
16,or-50-5-4-UC-10,100,250,6.93,114.27,113.25,114.04,114.39,NS
17,or-50-5-6,100,250,18.62,267.87,266.17,265.03,NS,264.08
18,or-50-5-7,100,250,14.59,340.48,334.4,339.54,NS,336.16
19,or-50-5-8,100,250,33.43,593.01,588.12,586.93,586.74,NS
20,or-50-10-10,100,250,23.07,593.44,587.66,NS,586.24,NS
21,or-50-10-5,100,250,13.7,251.86,250.05,249.8,NS,NS
22,or-50-10-9,100,250,10.95,283.65,283.6,282.82,NS,NS
23,or-50-20-1,100,250,12.31,269.61,273.55,NS,271.58,NS
24,or-50-20-6,100,250,6.62,92.27,91.84,92.95,NS,NS
25,or-50-20-8,100,250,21.08,487.87,489.46,488.54,NS,NS
26,or-50-5-4,100,250,6.25,175.08,175.48,176.96,NS,NS
27,or-50-5-5,100,250,19.24,319.13,317.94,315.15,NS,NS
28,or-50-5-5-UC-10,100,250,3.08,63.06,62.13,62.06,NS,NS
29,or-50-5-7-UC-10,100,250,2.88,33.55,33.17,33.47,NS,NS
30,or-60-20-8,120,300,33.44,1375.21,1364.96,1361.54,NS,NS
31,s27_new_15_7,17,43,0,0.29,0.27,NS,0.28,NS
32,s27_new_7_4,17,35,0,0.27,0.28,NS,0.27,NS
33,or-50-10-4-UC-10,100,250,1.71,13.41,13.22,NS,NS,NS
34,or-50-10-7-UC-10,100,250,5.35,90.29,NS,NS,90.53,NS
35,or-50-20-10,100,250,27.51,493.09,493.58,NS,NS,NS
36,or-50-20-2-UC-10,100,250,14.47,216.89,217.02,NS,NS,NS
37,or-50-20-3-UC-10,100,250,2.16,42.55,42.65,NS,NS,NS
38,or-50-20-5,100,250,14.32,275.22,272.81,NS,NS,NS
39,or-50-20-6-UC-10,100,250,1.08,NS,14.24,14.29,NS,NS
40,or-50-20-9-UC-10,100,250,2.53,40.61,40.19,NS,NS,NS
41,or-50-5-1-UC-10,100,250,0.38,3.23,3.23,NS,NS,NS
42,or-60-10-10-UC-10,120,300,12.62,139.08,138.42,NS,NS,NS
43,or-60-20-7-UC-10,120,300,20.49,640.23,638.05,NS,NS,NS
44,or-60-5-3-UC-10,120,300,15.26,255.6,254.31,NS,NS,NS
45,or-70-10-10-UC-10,140,350,25.25,519.58,514.19,NS,NS,NS
46,or-70-20-4-UC-20,140,350,34.54,978.51,979.31,NS,NS,NS
47,or-70-5-10-UC-20,140,350,0.22,1.51,1.49,NS,NS,NS
48,s27_3_2,20,43,0,0.29,0.28,NS,NS,NS
49,s27_7_4,24,63,0,0.27,0.28,NS,NS,NS
50,s27_new_3_2,17,31,0,0.29,0.29,NS,NS,NS
51,fs-01.net,32,38,0,0.44,NS,NS,NS,NS
52,or-100-10-2-UC-30,200,500,1.69,16.11,NS,NS,NS,NS
53,or-50-10-10-UC-10,100,250,0.06,1.21,NS,NS,NS,NS
54,or-50-10-10-UC-40,100,250,0,0.41,NS,NS,NS,NS
55,or-50-10-2-UC-10,100,250,0.06,0.89,NS,NS,NS,NS
56,or-50-10-2-UC-40,100,250,0,0.42,NS,NS,NS,NS
57,or-50-10-3-UC-10,100,250,0.28,3.36,NS,NS,NS,NS
58,or-50-10-5-UC-10,100,250,0.59,4.45,NS,NS,NS,NS
59,or-50-10-5-UC-30,100,250,0.07,NS,NS,NS,1.13,NS
60,or-50-10-6-UC-10,100,250,0.7,5.53,NS,NS,NS,NS
61,or-50-10-8-UC-10,100,250,0.06,0.76,NS,NS,NS,NS
62,or-50-20-10-UC-10,100,250,0.42,4.66,NS,NS,NS,NS
63,or-50-20-10-UC-20,100,250,0.21,2.39,NS,NS,NS,NS
64,or-50-20-1-UC-10,100,250,6.48,90.58,NS,NS,NS,NS
65,or-50-20-1-UC-30,100,250,0.02,0.76,NS,NS,NS,NS
66,or-50-20-2-UC-20,100,250,1.13,NS,NS,9.93,NS,NS
67,or-50-20-4-UC-20,100,250,0.08,1.26,NS,NS,NS,NS
68,or-50-20-4-UC-40,100,250,0.03,0.83,NS,NS,NS,NS
69,or-50-20-5-UC-40,100,250,0.02,0.75,NS,NS,NS,NS
70,or-50-20-7-UC-10,100,250,0.68,6.93,NS,NS,NS,NS
71,or-50-20-7-UC-20,100,250,0.06,1,NS,NS,NS,NS
72,or-50-20-7-UC-30,100,250,0.02,0.6,NS,NS,NS,NS
73,or-50-5-3-UC-10,100,250,0.02,0.6,NS,NS,NS,NS
74,or-50-5-7-UC-40,100,250,0,0.42,NS,NS,NS,NS
75,or-50-5-8-UC-10,100,250,0.83,NS,6.98,NS,NS,NS
76,or-50-5-8-UC-20,100,250,0.04,0.82,NS,NS,NS,NS
77,or-60-10-10-UC-20,120,300,0.05,1.07,NS,NS,NS,NS
78,or-60-10-1-UC-10,120,300,7.99,121.06,NS,NS,NS,NS
79,or-60-10-2-UC-20,120,300,0.82,9.43,NS,NS,NS,NS
80,or-60-10-3-UC-10,120,300,21.32,NS,535.24,NS,NS,NS
81,or-60-10-4-UC-10,120,300,1.71,16.95,NS,NS,NS,NS
82,or-60-10-5-UC-10,120,300,0.48,4.76,NS,NS,NS,NS
83,or-60-10-6-UC-10,120,300,12.67,343.91,NS,NS,NS,NS
84,or-60-10-7-UC-10,120,300,1.92,14.06,NS,NS,NS,NS
85,or-60-10-8-UC-10,120,300,0.17,1.62,NS,NS,NS,NS
86,or-60-10-9-UC-20,120,300,0.01,NS,0.62,NS,NS,NS
87,or-60-20-10-UC-10,120,300,24.98,462.23,NS,NS,NS,NS
88,or-60-20-1-UC-10,120,300,13.96,260.63,NS,NS,NS,NS
89,or-60-20-1-UC-30,120,300,0.03,0.71,NS,NS,NS,NS
90,or-60-20-4-UC-10,120,300,23.3,420.66,NS,NS,NS,NS
91,or-60-20-4-UC-30,120,300,0.59,6.88,NS,NS,NS,NS
92,or-60-20-5-UC-30,120,300,1.87,27.97,NS,NS,NS,NS
93,or-60-20-7-UC-20,120,300,15.88,NS,261.08,NS,NS,NS
94,or-60-20-8-UC-10,120,300,4.35,NS,64.74,NS,NS,NS
95,or-60-20-9-UC-10,120,300,2.39,NS,39.91,NS,NS,NS
96,or-60-5-10-UC-10,120,300,0.19,1.88,NS,NS,NS,NS
97,or-60-5-1-UC-20,120,300,0.15,1.37,NS,NS,NS,NS
98,or-60-5-2-UC-10,120,300,0.51,NS,10.01,NS,NS,NS
99,or-60-5-4-UC-10,120,300,0.12,1.31,NS,NS,NS,NS
100,or-60-5-6-UC-10,120,300,0.57,15.26,NS,NS,NS,NS
101,or-60-5-7-UC-10,120,300,0.22,2.71,NS,NS,NS,NS
102,or-70-10-10-UC-20,140,350,0.23,2.14,NS,NS,NS,NS
103,or-70-10-1-UC-10,140,350,3.44,31.18,NS,NS,NS,NS
104,or-70-10-5-UC-10,140,350,17.24,NS,286.44,NS,NS,NS
105,or-70-10-5-UC-30,140,350,0.01,0.62,NS,NS,NS,NS
106,or-70-10-6-UC-10,140,350,13.13,169.02,NS,NS,NS,NS
107,or-70-10-6-UC-20,140,350,0.39,5.25,NS,NS,NS,NS
108,or-70-10-9-UC-10,140,350,0.55,9.94,NS,NS,NS,NS
109,or-70-20-10-UC-10,140,350,47.58,799.06,NS,NS,NS,NS
110,or-70-20-3-UC-20,140,350,12.52,376.57,NS,NS,NS,NS
111,or-70-20-3-UC-30,140,350,1.82,47.31,NS,NS,NS,NS
112,or-70-20-5-UC-20,140,350,22.4,342.17,NS,NS,NS,NS
113,or-70-20-5-UC-30,140,350,2.69,29,NS,NS,NS,NS
114,or-70-20-9-UC-10,140,350,0.77,7.06,NS,NS,NS,NS
115,or-70-5-1-UC-10,140,350,7.09,82.53,NS,NS,NS,NS
116,or-70-5-2-UC-40,140,350,0,0.53,NS,NS,NS,NS
117,or-70-5-5-UC-10,140,350,1.54,16.95,NS,NS,NS,NS
118,or-70-5-8-UC-10,140,350,4.43,48.32,NS,NS,NS,NS
119,or-70-5-8-UC-20,140,350,0.53,3.52,NS,NS,NS,NS
120,or-70-5-9-UC-10,140,350,0.12,NS,1.88,NS,NS,NS
121,s27_15_7,32,103,0,0.3,NS,NS,NS,NS
122,s298_3_2,205,510,0.01,0.53,NS,NS,NS,NS
123,s349_15_7,285,829,0.07,0.94,NS,NS,NS,NS
124,s349_3_2,198,469,0.03,0.63,NS,NS,NS,NS
125,s349_7_4,216,545,0.02,0.63,NS,NS,NS,NS
126,s382_7_4,281,711,0.02,0.69,NS,NS,NS,NS
127,Bench_blasted_287_1263_case110,287,1263,0.04,NS,NS,NS,NS,NS
128,blasted_case121,291,975,0.13,NS,NS,NS,NS,NS
129,blasted_case_1_b11_1,340,1026,112.57,NS,NS,NS,NS,NS
130,blasted_case_2_b12_2,827,2725,4.98,NS,NS,NS,NS,NS
131,blasted_case35,400,1414,0.57,NS,NS,NS,NS,NS
132,blasted_squaring10,1099,3632,1393.8,MO,MO,MO,MO,MO
133,blasted_squaring12,1507,5210,MO,MO,MO,MO,MO,MO
134,blasted_squaring14,1458,5009,MO,MO,MO,MO,MO,MO
135,blasted_squaring16,1627,5835,MO,MO,MO,MO,MO,MO
136,blasted_squaring1,891,2839,MO,MO,MO,MO,MO,MO
137,blasted_squaring7,1628,5837,TO,MO,MO,MO,MO,MO
138,blasted_squaring8,1101,3642,TO,MO,MO,MO,MO,MO
139,blasted_squaring9,1434,5028,TO,MO,MO,MO,MO,MO
140,blockmap_05_01.net,1411,2737,0.01,NS,NS,NS,NS,NS
141,blockmap_05_02.net,1738,3452,0.04,NS,NS,NS,NS,NS
142,enqueueSeqSK.sk_10_42,16466,58515,MO,-,-,-,-,-
143,karatsuba.sk_7_41,19594,82417,MO,-,-,-,-,-
144,lang12,576,13584,1521.58,MO,MO,MO,MO,MO
145,LoginService2.sk_23_36,11511,41411,1834.85,MO,MO,MO,MO,MO
146,or-100-10-10,200,500,MO,-,-,-,-,-
147,or-100-10-10-UC-10,200,500,MO,-,-,-,-,-
148,or-100-10-10-UC-20,200,500,0.14,NS,NS,NS,NS,NS
149,or-100-10-10-UC-30,200,500,0.03,NS,NS,NS,NS,NS
150,or-100-10-10-UC-40,200,500,0,NS,NS,NS,NS,NS
151,or-100-10-10-UC-50,200,500,0,NS,NS,NS,NS,NS
152,or-100-10-10-UC-60,200,500,0,NS,NS,NS,NS,NS
153,or-100-10-1,200,500,MO,-,-,-,-,-
154,or-100-10-1-UC-10,200,500,481.66,MO,MO,MO,MO,MO
155,or-100-10-1-UC-20,200,500,0.73,NS,NS,NS,NS,NS
156,or-100-10-1-UC-30,200,500,0.02,NS,NS,NS,NS,NS
157,or-100-10-1-UC-40,200,500,0,NS,NS,NS,NS,NS
158,or-100-10-1-UC-50,200,500,0,NS,NS,NS,NS,NS
159,or-100-10-1-UC-60,200,500,0,NS,NS,NS,NS,NS
160,or-100-10-2,200,500,MO,-,-,-,-,-
161,or-100-10-2-UC-10,200,500,MO,-,-,-,-,-
162,or-100-10-2-UC-20,200,500,8.04,NS,NS,NS,NS,NS
163,or-100-10-2-UC-40,200,500,0.01,NS,NS,NS,NS,NS
164,or-100-10-2-UC-50,200,500,0,NS,NS,NS,NS,NS
165,or-100-10-2-UC-60,200,500,0,NS,NS,NS,NS,NS
166,or-100-10-3,200,500,TO,-,-,-,-,-
167,or-100-10-3-UC-10,200,500,MO,-,-,-,-,-
168,or-100-10-3-UC-20,200,500,38.55,NS,NS,NS,NS,NS
169,or-100-10-3-UC-30,200,500,0.31,NS,NS,NS,NS,NS
170,or-100-10-3-UC-40,200,500,0,NS,NS,NS,NS,NS
171,or-100-10-3-UC-50,200,500,0,NS,NS,NS,NS,NS
172,or-100-10-3-UC-60,200,500,0,NS,NS,NS,NS,NS
173,or-100-10-4,200,500,TO,-,-,-,-,-
174,or-100-10-4-UC-10,200,500,MO,-,-,-,-,-
175,or-100-10-4-UC-20,200,500,14.62,NS,NS,NS,NS,NS
176,or-100-10-4-UC-30,200,500,0.22,NS,NS,NS,NS,NS
177,or-100-10-4-UC-40,200,500,0.02,NS,NS,NS,NS,NS
178,or-100-10-4-UC-50,200,500,0,NS,NS,NS,NS,NS
179,or-100-10-4-UC-60,200,500,0,NS,NS,NS,NS,NS
180,or-100-10-5,200,500,TO,-,-,-,-,-
181,or-100-10-5-UC-10,200,500,MO,-,-,-,-,-
182,or-100-10-5-UC-20,200,500,18.78,NS,NS,NS,NS,NS
183,or-100-10-5-UC-30,200,500,1.8,NS,NS,NS,NS,NS
184,or-100-10-5-UC-40,200,500,0.07,NS,NS,NS,NS,NS
185,or-100-10-5-UC-50,200,500,0.01,NS,NS,NS,NS,NS
186,or-100-10-5-UC-60,200,500,0,NS,NS,NS,NS,NS
187,or-100-10-6,200,500,MO,-,-,-,-,-
188,or-100-10-6-UC-10,200,500,MO,-,-,-,-,-
189,or-100-10-6-UC-20,200,500,6.12,NS,NS,NS,NS,NS
190,or-100-10-6-UC-30,200,500,0.27,NS,NS,NS,NS,NS
191,or-100-10-6-UC-40,200,500,0,NS,NS,NS,NS,NS
192,or-100-10-6-UC-50,200,500,0,NS,NS,NS,NS,NS
193,or-100-10-6-UC-60,200,500,0,NS,NS,NS,NS,NS
194,or-100-10-7,200,500,MO,-,-,-,-,-
195,or-100-10-7-UC-10,200,500,MO,-,-,-,-,-
196,or-100-10-7-UC-20,200,500,10.07,NS,NS,NS,NS,NS
197,or-100-10-7-UC-30,200,500,0.21,NS,NS,NS,NS,NS
198,or-100-10-7-UC-40,200,500,0.08,NS,NS,NS,NS,NS
199,or-100-10-7-UC-50,200,500,0.01,NS,NS,NS,NS,NS
200,or-100-10-7-UC-60,200,500,0,NS,NS,NS,NS,NS
201,or-100-10-8,200,500,MO,-,-,-,-,-
202,or-100-10-8-UC-10,200,500,MO,-,-,-,-,-
203,or-100-10-8-UC-20,200,500,7.92,NS,NS,NS,NS,NS
204,or-100-10-8-UC-30,200,500,0.82,NS,NS,NS,NS,NS
205,or-100-10-8-UC-40,200,500,0.02,NS,NS,NS,NS,NS
206,or-100-10-8-UC-50,200,500,0.01,NS,NS,NS,NS,NS
207,or-100-10-8-UC-60,200,500,0,NS,NS,NS,NS,NS
208,or-100-10-9,200,500,MO,-,-,-,-,-
209,or-100-10-9-UC-10,200,500,MO,-,-,-,-,-
210,or-100-10-9-UC-20,200,500,MO,MO,MO,MO,MO,MO
211,or-100-10-9-UC-30,200,500,5.16,NS,NS,NS,NS,NS
212,or-100-10-9-UC-40,200,500,0.4,NS,NS,NS,NS,NS
213,or-100-10-9-UC-50,200,500,0.01,NS,NS,NS,NS,NS
214,or-100-10-9-UC-60,200,500,0,NS,NS,NS,NS,NS
215,or-100-20-10,200,500,TO,-,-,-,-,-
216,or-100-20-10-UC-10,200,500,MO,-,-,-,-,-
217,or-100-20-10-UC-20,200,500,60.75,MO,MO,MO,MO,MO
218,or-100-20-10-UC-30,200,500,17.17,NS,NS,NS,NS,NS
219,or-100-20-10-UC-40,200,500,3.77,NS,NS,NS,NS,NS
220,or-100-20-10-UC-50,200,500,0.19,NS,NS,NS,NS,NS
221,or-100-20-10-UC-60,200,500,0.03,NS,NS,NS,NS,NS
222,or-100-20-1,200,500,MO,-,-,-,-,-
223,or-100-20-1-UC-10,200,500,TO,-,-,-,-,-
224,or-100-20-1-UC-20,200,500,MO,-,-,-,-,-
225,or-100-20-1-UC-30,200,500,MO,-,-,-,-,-
226,or-100-20-1-UC-40,200,500,0.3,NS,NS,NS,NS,NS
227,or-100-20-1-UC-50,200,500,0.01,NS,NS,NS,NS,NS
228,or-100-20-1-UC-60,200,500,0.01,NS,NS,NS,NS,NS
229,or-100-20-2,200,500,TO,-,-,-,-,-
230,or-100-20-2-UC-10,200,500,MO,-,-,-,-,-
231,or-100-20-2-UC-20,200,500,167.71,MO,MO,MO,MO,MO
232,or-100-20-2-UC-30,200,500,12.69,NS,NS,NS,NS,NS
233,or-100-20-2-UC-40,200,500,0.07,NS,NS,NS,NS,NS
234,or-100-20-2-UC-50,200,500,65.57,MO,MO,MO,MO,MO
235,or-100-20-2-UC-60,200,500,7.6,NS,NS,NS,NS,NS
236,or-100-20-3,200,500,MO,-,-,-,-,-
237,or-100-20-3-UC-10,200,500,MO,-,-,-,-,-
238,or-100-20-3-UC-20,200,500,MO,-,-,-,-,-
239,or-100-20-3-UC-30,200,500,95.07,MO,MO,MO,MO,MO
240,or-100-20-3-UC-40,200,500,5.77,NS,NS,NS,NS,NS
241,or-100-20-3-UC-50,200,500,0,NS,NS,NS,NS,NS
242,or-100-20-3-UC-60,200,500,0,NS,NS,NS,NS,NS
243,or-100-20-4,200,500,MO,-,-,-,-,-
244,or-100-20-4-UC-10,200,500,TO,-,-,-,-,-
245,or-100-20-4-UC-20,200,500,34.57,NS,NS,NS,NS,NS
246,or-100-20-4-UC-30,200,500,MO,MO,MO,MO,MO,MO
247,or-100-20-4-UC-40,200,500,1.91,NS,NS,NS,NS,NS
248,or-100-20-4-UC-50,200,500,0.19,NS,NS,NS,NS,NS
249,or-100-20-4-UC-60,200,500,0.04,NS,NS,NS,NS,NS
250,or-100-20-5,200,500,TO,-,-,-,-,-
251,or-100-20-5-UC-10,200,500,MO,-,-,-,-,-
252,or-100-20-5-UC-20,200,500,166.27,MO,MO,MO,MO,MO
253,or-100-20-5-UC-30,200,500,7.32,NS,NS,NS,NS,NS
254,or-100-20-5-UC-40,200,500,0.27,NS,NS,NS,NS,NS
255,or-100-20-5-UC-50,200,500,0.04,NS,NS,NS,NS,NS
256,or-100-20-5-UC-60,200,500,0.01,NS,NS,NS,NS,NS
257,or-100-20-6,200,500,TO,-,-,-,-,-
258,or-100-20-6-UC-10,200,500,MO,-,-,-,-,-
259,or-100-20-6-UC-20,200,500,290.09,MO,MO,MO,MO,MO
260,or-100-20-6-UC-30,200,500,8.51,NS,NS,NS,NS,NS
261,or-100-20-6-UC-40,200,500,0.48,NS,NS,NS,NS,NS
262,or-100-20-6-UC-50,200,500,0.16,NS,NS,NS,NS,NS
263,or-100-20-6-UC-60,200,500,0,NS,NS,NS,NS,NS
264,or-100-20-7,200,500,MO,-,-,-,-,-
265,or-100-20-7-UC-10,200,500,MO,-,-,-,-,-
266,or-100-20-7-UC-20,200,500,147.05,MO,MO,MO,MO,MO
267,or-100-20-7-UC-30,200,500,2.99,NS,NS,NS,NS,NS
268,or-100-20-7-UC-40,200,500,5.78,NS,NS,NS,NS,NS
269,or-100-20-7-UC-50,200,500,0.26,NS,NS,NS,NS,NS
270,or-100-20-7-UC-60,200,500,0.01,NS,NS,NS,NS,NS
271,or-100-20-8,200,500,TO,-,-,-,-,-
272,or-100-20-8-UC-10,200,500,MO,-,-,-,-,-
273,or-100-20-8-UC-20,200,500,95.75,MO,MO,MO,MO,MO
274,or-100-20-8-UC-30,200,500,16.2,NS,NS,NS,NS,NS
275,or-100-20-8-UC-40,200,500,2.11,NS,NS,NS,NS,NS
276,or-100-20-8-UC-50,200,500,0.07,NS,NS,NS,NS,NS
277,or-100-20-8-UC-60,200,500,0.01,NS,NS,NS,NS,NS
278,or-100-20-9,200,500,TO,-,-,-,-,-
279,or-100-20-9-UC-10,200,500,MO,-,-,-,-,-
280,or-100-20-9-UC-20,200,500,126,MO,MO,MO,MO,MO
281,or-100-20-9-UC-30,200,500,4.22,NS,NS,NS,NS,NS
282,or-100-20-9-UC-40,200,500,0.01,NS,NS,NS,NS,NS
283,or-100-20-9-UC-50,200,500,0.01,NS,NS,NS,NS,NS
284,or-100-20-9-UC-60,200,500,0,NS,NS,NS,NS,NS
285,or-100-5-10,200,500,MO,-,-,-,-,-
286,or-100-5-10-UC-10,200,500,223.55,MO,MO,MO,MO,MO
287,or-100-5-10-UC-20,200,500,0.6,NS,NS,NS,NS,NS
288,or-100-5-10-UC-30,200,500,0.01,NS,NS,NS,NS,NS
289,or-100-5-10-UC-40,200,500,0,NS,NS,NS,NS,NS
290,or-100-5-10-UC-50,200,500,0,NS,NS,NS,NS,NS
291,or-100-5-10-UC-60,200,500,0,NS,NS,NS,NS,NS
292,or-100-5-1,200,500,MO,-,-,-,-,-
293,or-100-5-1-UC-10,200,500,66.25,NS,NS,NS,NS,NS
294,or-100-5-1-UC-20,200,500,0.5,NS,NS,NS,NS,NS
295,or-100-5-1-UC-30,200,500,0.01,NS,NS,NS,NS,NS
296,or-100-5-1-UC-40,200,500,0,NS,NS,NS,NS,NS
297,or-100-5-1-UC-50,200,500,0,NS,NS,NS,NS,NS
298,or-100-5-1-UC-60,200,500,0,NS,NS,NS,NS,NS
299,or-100-5-2,200,500,TO,-,-,-,-,-
300,or-100-5-2-UC-10,200,500,MO,-,-,-,-,-
301,or-100-5-2-UC-20,200,500,7.37,NS,NS,NS,NS,NS
302,or-100-5-2-UC-30,200,500,0.29,NS,NS,NS,NS,NS
303,or-100-5-2-UC-40,200,500,0.02,NS,NS,NS,NS,NS
304,or-100-5-2-UC-50,200,500,0,NS,NS,NS,NS,NS
305,or-100-5-2-UC-60,200,500,0,NS,NS,NS,NS,NS
306,or-100-5-3,200,500,MO,-,-,-,-,-
307,or-100-5-3-UC-10,200,500,15.51,NS,NS,NS,NS,NS
308,or-100-5-3-UC-20,200,500,0.02,NS,NS,NS,NS,NS
309,or-100-5-3-UC-30,200,500,0.02,NS,NS,NS,NS,NS
310,or-100-5-3-UC-40,200,500,0,NS,NS,NS,NS,NS
311,or-100-5-3-UC-50,200,500,0,NS,NS,NS,NS,NS
312,or-100-5-3-UC-60,200,500,0,NS,NS,NS,NS,NS
313,or-100-5-4,200,500,MO,-,-,-,-,-
314,or-100-5-4-UC-10,200,500,TO,-,-,-,-,-
315,or-100-5-4-UC-20,200,500,314.87,MO,MO,MO,MO,MO
316,or-100-5-4-UC-30,200,500,0.12,NS,NS,NS,NS,NS
317,or-100-5-4-UC-40,200,500,0.02,NS,NS,NS,NS,NS
318,or-100-5-4-UC-50,200,500,0,NS,NS,NS,NS,NS
319,or-100-5-4-UC-60,200,500,0.01,NS,NS,NS,NS,NS
320,or-100-5-5,200,500,MO,-,-,-,-,-
321,or-100-5-5-UC-10,200,500,TO,-,-,-,-,-
322,or-100-5-5-UC-20,200,500,4.99,NS,NS,NS,NS,NS
323,or-100-5-5-UC-30,200,500,0.1,NS,NS,NS,NS,NS
324,or-100-5-5-UC-40,200,500,0,NS,NS,NS,NS,NS
325,or-100-5-5-UC-50,200,500,0,NS,NS,NS,NS,NS
326,or-100-5-5-UC-60,200,500,0,NS,NS,NS,NS,NS
327,or-100-5-6,200,500,MO,-,-,-,-,-
328,or-100-5-6-UC-10,200,500,65.53,MO,MO,MO,MO,MO
329,or-100-5-6-UC-20,200,500,0.13,NS,NS,NS,NS,NS
330,or-100-5-6-UC-30,200,500,0.01,NS,NS,NS,NS,NS
331,or-100-5-6-UC-40,200,500,0,NS,NS,NS,NS,NS
332,or-100-5-6-UC-50,200,500,0,NS,NS,NS,NS,NS
333,or-100-5-6-UC-60,200,500,0.01,NS,NS,NS,NS,NS
334,or-100-5-7,200,500,MO,-,-,-,-,-
335,or-100-5-7-UC-10,200,500,MO,MO,MO,MO,MO,MO
336,or-100-5-7-UC-20,200,500,8.56,NS,NS,NS,NS,NS
337,or-100-5-7-UC-30,200,500,0.07,NS,NS,NS,NS,NS
338,or-100-5-7-UC-40,200,500,0.01,NS,NS,NS,NS,NS
339,or-100-5-7-UC-50,200,500,0.01,NS,NS,NS,NS,NS
340,or-100-5-7-UC-60,200,500,0,NS,NS,NS,NS,NS
341,or-100-5-8,200,500,MO,-,-,-,-,-
342,or-100-5-8-UC-10,200,500,TO,-,-,-,-,-
343,or-100-5-8-UC-20,200,500,1.88,NS,NS,NS,NS,NS
344,or-100-5-8-UC-30,200,500,0.1,NS,NS,NS,NS,NS
345,or-100-5-8-UC-40,200,500,0,NS,NS,NS,NS,NS
346,or-100-5-8-UC-50,200,500,0,NS,NS,NS,NS,NS
347,or-100-5-8-UC-60,200,500,0,NS,NS,NS,NS,NS
348,or-100-5-9,200,500,TO,-,-,-,-,-
349,or-100-5-9-UC-10,200,500,124.6,MO,MO,MO,MO,MO
350,or-100-5-9-UC-20,200,500,1.65,NS,NS,NS,NS,NS
351,or-100-5-9-UC-30,200,500,0.01,NS,NS,NS,NS,NS
352,or-100-5-9-UC-40,200,500,0,NS,NS,NS,NS,NS
353,or-100-5-9-UC-50,200,500,0,NS,NS,NS,NS,NS
354,or-100-5-9-UC-60,200,500,0,NS,NS,NS,NS,NS
355,or-50-10-10-UC-20,100,250,0,NS,NS,NS,NS,NS
356,or-50-10-10-UC-30,100,250,0,NS,NS,NS,NS,NS
357,or-50-10-1-UC-10,100,250,1.45,NS,NS,NS,NS,NS
358,or-50-10-1-UC-20,100,250,0.01,NS,NS,NS,NS,NS
359,or-50-10-1-UC-30,100,250,0,NS,NS,NS,NS,NS
360,or-50-10-1-UC-40,100,250,0,NS,NS,NS,NS,NS
361,or-50-10-2-UC-20,100,250,0,NS,NS,NS,NS,NS
362,or-50-10-2-UC-30,100,250,0,NS,NS,NS,NS,NS
363,or-50-10-3-UC-20,100,250,0.13,NS,NS,NS,NS,NS
364,or-50-10-3-UC-30,100,250,0.01,NS,NS,NS,NS,NS
365,or-50-10-3-UC-40,100,250,0.01,NS,NS,NS,NS,NS
366,or-50-10-4-UC-20,100,250,0.06,NS,NS,NS,NS,NS
367,or-50-10-4-UC-30,100,250,0.01,NS,NS,NS,NS,NS
368,or-50-10-4-UC-40,100,250,0.01,NS,NS,NS,NS,NS
369,or-50-10-5-UC-20,100,250,0.31,NS,NS,NS,NS,NS
370,or-50-10-5-UC-40,100,250,0.01,NS,NS,NS,NS,NS
371,or-50-10-6-UC-20,100,250,0.06,NS,NS,NS,NS,NS
372,or-50-10-6-UC-30,100,250,0.03,NS,NS,NS,NS,NS
373,or-50-10-6-UC-40,100,250,0,NS,NS,NS,NS,NS
374,or-50-10-7-UC-20,100,250,0.12,NS,NS,NS,NS,NS
375,or-50-10-7-UC-30,100,250,0,NS,NS,NS,NS,NS
376,or-50-10-7-UC-40,100,250,0,NS,NS,NS,NS,NS
377,or-50-10-8-UC-20,100,250,0,NS,NS,NS,NS,NS
378,or-50-10-8-UC-30,100,250,0,NS,NS,NS,NS,NS
379,or-50-10-8-UC-40,100,250,0,NS,NS,NS,NS,NS
380,or-50-10-9-UC-10,100,250,0.55,NS,NS,NS,NS,NS
381,or-50-10-9-UC-20,100,250,0.11,NS,NS,NS,NS,NS
382,or-50-10-9-UC-30,100,250,0.01,NS,NS,NS,NS,NS
383,or-50-10-9-UC-40,100,250,0.01,NS,NS,NS,NS,NS
384,or-50-20-10-UC-30,100,250,0.05,NS,NS,NS,NS,NS
385,or-50-20-10-UC-40,100,250,0.01,NS,NS,NS,NS,NS
386,or-50-20-1-UC-20,100,250,0.15,NS,NS,NS,NS,NS
387,or-50-20-1-UC-40,100,250,0,NS,NS,NS,NS,NS
388,or-50-20-2-UC-30,100,250,0.07,NS,NS,NS,NS,NS
389,or-50-20-2-UC-40,100,250,0.02,NS,NS,NS,NS,NS
390,or-50-20-3-UC-20,100,250,0.02,NS,NS,NS,NS,NS
391,or-50-20-3-UC-30,100,250,0.02,NS,NS,NS,NS,NS
392,or-50-20-3-UC-40,100,250,0.01,NS,NS,NS,NS,NS
393,or-50-20-4-UC-10,100,250,0.18,NS,NS,NS,NS,NS
394,or-50-20-4-UC-30,100,250,0.05,NS,NS,NS,NS,NS
395,or-50-20-5-UC-10,100,250,1.18,NS,NS,NS,NS,NS
396,or-50-20-5-UC-20,100,250,0.63,NS,NS,NS,NS,NS
397,or-50-20-5-UC-30,100,250,0.05,NS,NS,NS,NS,NS
398,or-50-20-6-UC-20,100,250,0.11,NS,NS,NS,NS,NS
399,or-50-20-6-UC-30,100,250,0.01,NS,NS,NS,NS,NS
400,or-50-20-6-UC-40,100,250,0,NS,NS,NS,NS,NS
401,or-50-20-7-UC-40,100,250,0,NS,NS,NS,NS,NS
402,or-50-20-8-UC-10,100,250,0.19,NS,NS,NS,NS,NS
403,or-50-20-8-UC-20,100,250,0.04,NS,NS,NS,NS,NS
404,or-50-20-8-UC-30,100,250,0.01,NS,NS,NS,NS,NS
405,or-50-20-8-UC-40,100,250,0,NS,NS,NS,NS,NS
406,or-50-20-9-UC-20,100,250,0.03,NS,NS,NS,NS,NS
407,or-50-20-9-UC-30,100,250,0.01,NS,NS,NS,NS,NS
408,or-50-20-9-UC-40,100,250,0.01,NS,NS,NS,NS,NS
409,or-50-5-10-UC-10,100,250,0.12,NS,NS,NS,NS,NS
410,or-50-5-10-UC-20,100,250,0.01,NS,NS,NS,NS,NS
411,or-50-5-10-UC-30,100,250,0,NS,NS,NS,NS,NS
412,or-50-5-10-UC-40,100,250,0,NS,NS,NS,NS,NS
413,or-50-5-1-UC-20,100,250,0.04,NS,NS,NS,NS,NS
414,or-50-5-1-UC-30,100,250,0,NS,NS,NS,NS,NS
415,or-50-5-1-UC-40,100,250,0,NS,NS,NS,NS,NS
416,or-50-5-2,100,250,70.89,MO,MO,MO,MO,MO
417,or-50-5-2-UC-10,100,250,7.62,NS,NS,NS,NS,NS
418,or-50-5-2-UC-20,100,250,0.17,NS,NS,NS,NS,NS
419,or-50-5-2-UC-30,100,250,0,NS,NS,NS,NS,NS
420,or-50-5-2-UC-40,100,250,0,NS,NS,NS,NS,NS
421,or-50-5-3-UC-20,100,250,0,NS,NS,NS,NS,NS
422,or-50-5-3-UC-30,100,250,0,NS,NS,NS,NS,NS
423,or-50-5-3-UC-40,100,250,0,NS,NS,NS,NS,NS
424,or-50-5-4-UC-20,100,250,0.63,NS,NS,NS,NS,NS
425,or-50-5-4-UC-30,100,250,0.05,NS,NS,NS,NS,NS
426,or-50-5-4-UC-40,100,250,0.01,NS,NS,NS,NS,NS
427,or-50-5-5-UC-20,100,250,0.08,NS,NS,NS,NS,NS
428,or-50-5-5-UC-30,100,250,0,NS,NS,NS,NS,NS
429,or-50-5-5-UC-40,100,250,0,NS,NS,NS,NS,NS
430,or-50-5-6-UC-10,100,250,0.03,NS,NS,NS,NS,NS
431,or-50-5-6-UC-20,100,250,0,NS,NS,NS,NS,NS
432,or-50-5-6-UC-30,100,250,0,NS,NS,NS,NS,NS
433,or-50-5-6-UC-40,100,250,0,NS,NS,NS,NS,NS
434,or-50-5-7-UC-20,100,250,0.03,NS,NS,NS,NS,NS
435,or-50-5-7-UC-30,100,250,0.01,NS,NS,NS,NS,NS
436,or-50-5-8-UC-30,100,250,0,NS,NS,NS,NS,NS
437,or-50-5-8-UC-40,100,250,0,NS,NS,NS,NS,NS
438,or-50-5-9,100,250,45.4,MO,MO,MO,MO,MO
439,or-50-5-9-UC-10,100,250,0.38,NS,NS,NS,NS,NS
440,or-50-5-9-UC-20,100,250,0.07,NS,NS,NS,NS,NS
441,or-50-5-9-UC-30,100,250,0,NS,NS,NS,NS,NS
442,or-50-5-9-UC-40,100,250,0,NS,NS,NS,NS,NS
443,or-60-10-10,120,300,61.07,MO,MO,MO,MO,MO
444,or-60-10-10-UC-30,120,300,0.01,NS,NS,NS,NS,NS
445,or-60-10-10-UC-40,120,300,0,NS,NS,NS,NS,NS
446,or-60-10-1,120,300,MO,MO,MO,MO,MO,MO
447,or-60-10-1-UC-20,120,300,1.31,NS,NS,NS,NS,NS
448,or-60-10-1-UC-30,120,300,0.17,NS,NS,NS,NS,NS
449,or-60-10-1-UC-40,120,300,0.03,NS,NS,NS,NS,NS
450,or-60-10-2,120,300,120.7,MO,MO,MO,MO,MO
451,or-60-10-2-UC-10,120,300,2.32,NS,NS,NS,NS,NS
452,or-60-10-2-UC-30,120,300,0,NS,NS,NS,NS,NS
453,or-60-10-2-UC-40,120,300,0.01,NS,NS,NS,NS,NS
454,or-60-10-3,120,300,210.45,MO,MO,MO,MO,MO
455,or-60-10-3-UC-20,120,300,0.76,NS,NS,NS,NS,NS
456,or-60-10-3-UC-30,120,300,0.08,NS,NS,NS,NS,NS
457,or-60-10-3-UC-40,120,300,0.04,NS,NS,NS,NS,NS
458,or-60-10-4,120,300,170.18,MO,MO,MO,MO,MO
459,or-60-10-4-UC-20,120,300,0.02,NS,NS,NS,NS,NS
460,or-60-10-4-UC-30,120,300,0,NS,NS,NS,NS,NS
461,or-60-10-4-UC-40,120,300,0,NS,NS,NS,NS,NS
462,or-60-10-5,120,300,153.32,MO,MO,MO,MO,MO
463,or-60-10-5-UC-20,120,300,0.01,NS,NS,NS,NS,NS
464,or-60-10-5-UC-30,120,300,0.01,NS,NS,NS,NS,NS
465,or-60-10-5-UC-40,120,300,0,NS,NS,NS,NS,NS
466,or-60-10-6,120,300,182.31,MO,MO,MO,MO,MO
467,or-60-10-6-UC-20,120,300,0.04,NS,NS,NS,NS,NS
468,or-60-10-6-UC-30,120,300,0.01,NS,NS,NS,NS,NS
469,or-60-10-6-UC-40,120,300,0,NS,NS,NS,NS,NS
470,or-60-10-7,120,300,264.82,MO,MO,MO,MO,MO
471,or-60-10-7-UC-20,120,300,0.05,NS,NS,NS,NS,NS
472,or-60-10-7-UC-30,120,300,0.01,NS,NS,NS,NS,NS
473,or-60-10-7-UC-40,120,300,0,NS,NS,NS,NS,NS
474,or-60-10-8,120,300,MO,MO,MO,MO,MO,MO
475,or-60-10-8-UC-20,120,300,0.11,NS,NS,NS,NS,NS
476,or-60-10-8-UC-30,120,300,0.01,NS,NS,NS,NS,NS
477,or-60-10-8-UC-40,120,300,0,NS,NS,NS,NS,NS
478,or-60-10-9,120,300,MO,-,-,-,-,-
479,or-60-10-9-UC-10,120,300,0.94,NS,NS,NS,NS,NS
480,or-60-10-9-UC-30,120,300,0,NS,NS,NS,NS,NS
481,or-60-10-9-UC-40,120,300,0,NS,NS,NS,NS,NS
482,or-60-20-10,120,300,135.65,MO,MO,MO,MO,MO
483,or-60-20-10-UC-20,120,300,2.96,NS,NS,NS,NS,NS
484,or-60-20-10-UC-30,120,300,0.07,NS,NS,NS,NS,NS
485,or-60-20-10-UC-40,120,300,0.03,NS,NS,NS,NS,NS
486,or-60-20-1,120,300,MO,MO,MO,MO,MO,MO
487,or-60-20-1-UC-20,120,300,0.08,NS,NS,NS,NS,NS
488,or-60-20-1-UC-40,120,300,0.03,NS,NS,NS,NS,NS
489,or-60-20-2,120,300,MO,MO,MO,MO,MO,MO
490,or-60-20-2-UC-10,120,300,10.49,NS,NS,NS,NS,NS
491,or-60-20-2-UC-20,120,300,0.2,NS,NS,NS,NS,NS
492,or-60-20-2-UC-30,120,300,0,NS,NS,NS,NS,NS
493,or-60-20-2-UC-40,120,300,0,NS,NS,NS,NS,NS
494,or-60-20-3,120,300,MO,MO,MO,MO,MO,MO
495,or-60-20-3-UC-10,120,300,0.42,NS,NS,NS,NS,NS
496,or-60-20-3-UC-20,120,300,0.09,NS,NS,NS,NS,NS
497,or-60-20-3-UC-30,120,300,0.04,NS,NS,NS,NS,NS
498,or-60-20-3-UC-40,120,300,0.01,NS,NS,NS,NS,NS
499,or-60-20-4,120,300,203.3,MO,MO,MO,MO,MO
500,or-60-20-4-UC-20,120,300,4.82,NS,NS,NS,NS,NS
501,or-60-20-4-UC-40,120,300,0.24,NS,NS,NS,NS,NS
502,or-60-20-5,120,300,MO,MO,MO,MO,MO,MO
503,or-60-20-5-UC-10,120,300,57.71,MO,MO,MO,MO,MO
504,or-60-20-5-UC-20,120,300,26.45,NS,NS,NS,NS,NS
505,or-60-20-5-UC-40,120,300,0.05,NS,NS,NS,NS,NS
506,or-60-20-6,120,300,122.18,MO,MO,MO,MO,MO
507,or-60-20-6-UC-10,120,300,55.19,MO,MO,MO,MO,MO
508,or-60-20-6-UC-20,120,300,14.71,NS,NS,NS,NS,NS
509,or-60-20-6-UC-30,120,300,0.77,NS,NS,NS,NS,NS
510,or-60-20-6-UC-40,120,300,0.26,NS,NS,NS,NS,NS
511,or-60-20-7,120,300,317.36,MO,MO,MO,MO,MO
512,or-60-20-7-UC-30,120,300,0.38,NS,NS,NS,NS,NS
513,or-60-20-7-UC-40,120,300,0.01,NS,NS,NS,NS,NS
514,or-60-20-8-UC-20,120,300,0.03,NS,NS,NS,NS,NS
515,or-60-20-8-UC-30,120,300,0.01,NS,NS,NS,NS,NS
516,or-60-20-8-UC-40,120,300,0,NS,NS,NS,NS,NS
517,or-60-20-9,120,300,197.68,MO,MO,MO,MO,MO
518,or-60-20-9-UC-20,120,300,0.02,NS,NS,NS,NS,NS
519,or-60-20-9-UC-30,120,300,0,NS,NS,NS,NS,NS
520,or-60-20-9-UC-40,120,300,0,NS,NS,NS,NS,NS
521,or-60-5-10,120,300,255.6,MO,MO,MO,MO,MO
522,or-60-5-10-UC-20,120,300,0.07,NS,NS,NS,NS,NS
523,or-60-5-10-UC-30,120,300,0,NS,NS,NS,NS,NS
524,or-60-5-10-UC-40,120,300,0,NS,NS,NS,NS,NS
525,or-60-5-1,120,300,328.89,MO,MO,MO,MO,MO
526,or-60-5-1-UC-10,120,300,0.21,NS,NS,NS,NS,NS
527,or-60-5-1-UC-30,120,300,0.02,NS,NS,NS,NS,NS
528,or-60-5-1-UC-40,120,300,0,NS,NS,NS,NS,NS
529,or-60-5-2,120,300,124.01,MO,MO,MO,MO,MO
530,or-60-5-2-UC-20,120,300,0.02,NS,NS,NS,NS,NS
531,or-60-5-2-UC-30,120,300,0,NS,NS,NS,NS,NS
532,or-60-5-2-UC-40,120,300,0,NS,NS,NS,NS,NS
533,or-60-5-3,120,300,88.51,MO,MO,MO,MO,MO
534,or-60-5-3-UC-20,120,300,0.59,NS,NS,NS,NS,NS
535,or-60-5-3-UC-30,120,300,0,NS,NS,NS,NS,NS
536,or-60-5-3-UC-40,120,300,0,NS,NS,NS,NS,NS
537,or-60-5-4,120,300,104.69,MO,MO,MO,MO,MO
538,or-60-5-4-UC-20,120,300,0,NS,NS,NS,NS,NS
539,or-60-5-4-UC-30,120,300,0.01,NS,NS,NS,NS,NS
540,or-60-5-4-UC-40,120,300,0,NS,NS,NS,NS,NS
541,or-60-5-5,120,300,72.75,MO,MO,MO,MO,MO
542,or-60-5-5-UC-10,120,300,0.64,NS,NS,NS,NS,NS
543,or-60-5-5-UC-20,120,300,0.01,NS,NS,NS,NS,NS
544,or-60-5-5-UC-30,120,300,0.01,NS,NS,NS,NS,NS
545,or-60-5-5-UC-40,120,300,0.01,NS,NS,NS,NS,NS
546,or-60-5-6,120,300,MO,-,-,-,-,-
547,or-60-5-6-UC-20,120,300,0.01,NS,NS,NS,NS,NS
548,or-60-5-6-UC-30,120,300,0,NS,NS,NS,NS,NS
549,or-60-5-6-UC-40,120,300,0,NS,NS,NS,NS,NS
550,or-60-5-7,120,300,50.96,MO,MO,MO,MO,MO
551,or-60-5-7-UC-20,120,300,0.03,NS,NS,NS,NS,NS
552,or-60-5-7-UC-30,120,300,0,NS,NS,NS,NS,NS
553,or-60-5-7-UC-40,120,300,0,NS,NS,NS,NS,NS
554,or-60-5-8,120,300,181.14,MO,MO,MO,MO,MO
555,or-60-5-8-UC-10,120,300,9.15,NS,NS,NS,NS,NS
556,or-60-5-8-UC-20,120,300,0.01,NS,NS,NS,NS,NS
557,or-60-5-8-UC-30,120,300,0,NS,NS,NS,NS,NS
558,or-60-5-8-UC-40,120,300,0,NS,NS,NS,NS,NS
559,or-60-5-9,120,300,95.42,MO,MO,MO,MO,MO
560,or-60-5-9-UC-10,120,300,0.84,NS,NS,NS,NS,NS
561,or-60-5-9-UC-20,120,300,0.01,NS,NS,NS,NS,NS
562,or-60-5-9-UC-30,120,300,0,NS,NS,NS,NS,NS
563,or-60-5-9-UC-40,120,300,0,NS,NS,NS,NS,NS
564,or-70-10-10,140,350,MO,-,-,-,-,-
565,or-70-10-10-UC-30,140,350,0,NS,NS,NS,NS,NS
566,or-70-10-10-UC-40,140,350,0,NS,NS,NS,NS,NS
567,or-70-10-1,140,350,MO,-,-,-,-,-
568,or-70-10-1-UC-20,140,350,0.04,NS,NS,NS,NS,NS
569,or-70-10-1-UC-30,140,350,0.01,NS,NS,NS,NS,NS
570,or-70-10-1-UC-40,140,350,0,NS,NS,NS,NS,NS
571,or-70-10-2,140,350,TO,-,-,-,-,-
572,or-70-10-2-UC-10,140,350,53.8,NS,NS,NS,NS,NS
573,or-70-10-2-UC-20,140,350,0.87,NS,NS,NS,NS,NS
574,or-70-10-2-UC-30,140,350,0.01,NS,NS,NS,NS,NS
575,or-70-10-2-UC-40,140,350,0,NS,NS,NS,NS,NS
576,or-70-10-3,140,350,MO,-,-,-,-,-
577,or-70-10-3-UC-10,140,350,1.24,NS,NS,NS,NS,NS
578,or-70-10-3-UC-20,140,350,0.05,NS,NS,NS,NS,NS
579,or-70-10-3-UC-30,140,350,0,NS,NS,NS,NS,NS
580,or-70-10-3-UC-40,140,350,0,NS,NS,NS,NS,NS
581,or-70-10-4,140,350,MO,-,-,-,-,-
582,or-70-10-4-UC-10,140,350,58.55,MO,MO,MO,MO,MO
583,or-70-10-4-UC-20,140,350,16.24,NS,NS,NS,NS,NS
584,or-70-10-4-UC-30,140,350,10.87,NS,NS,NS,NS,NS
585,or-70-10-4-UC-40,140,350,0.03,NS,NS,NS,NS,NS
586,or-70-10-5,140,350,MO,-,-,-,-,-
587,or-70-10-5-UC-20,140,350,0.12,NS,NS,NS,NS,NS
588,or-70-10-5-UC-40,140,350,0,NS,NS,NS,NS,NS
589,or-70-10-6,140,350,MO,-,-,-,-,-
590,or-70-10-6-UC-30,140,350,0,NS,NS,NS,NS,NS
591,or-70-10-6-UC-40,140,350,0,NS,NS,NS,NS,NS
592,or-70-10-7,140,350,TO,-,-,-,-,-
593,or-70-10-7-UC-10,140,350,92.48,MO,MO,MO,MO,MO
594,or-70-10-7-UC-20,140,350,1.9,NS,NS,NS,NS,NS
595,or-70-10-7-UC-30,140,350,0.04,NS,NS,NS,NS,NS
596,or-70-10-7-UC-40,140,350,0.01,NS,NS,NS,NS,NS
597,or-70-10-8,140,350,MO,-,-,-,-,-
598,or-70-10-8-UC-10,140,350,0.75,NS,NS,NS,NS,NS
599,or-70-10-8-UC-20,140,350,0.01,NS,NS,NS,NS,NS
600,or-70-10-8-UC-30,140,350,0,NS,NS,NS,NS,NS
601,or-70-10-8-UC-40,140,350,0,NS,NS,NS,NS,NS
602,or-70-10-9,140,350,MO,-,-,-,-,-
603,or-70-10-9-UC-20,140,350,0.02,NS,NS,NS,NS,NS
604,or-70-10-9-UC-30,140,350,0.02,NS,NS,NS,NS,NS
605,or-70-10-9-UC-40,140,350,0.01,NS,NS,NS,NS,NS
606,or-70-20-10,140,350,TO,-,-,-,-,-
607,or-70-20-10-UC-20,140,350,75.76,MO,MO,MO,MO,MO
608,or-70-20-10-UC-30,140,350,5.52,NS,NS,NS,NS,NS
609,or-70-20-10-UC-40,140,350,0.13,NS,NS,NS,NS,NS
610,or-70-20-1,140,350,TO,-,-,-,-,-
611,or-70-20-1-UC-10,140,350,3.22,NS,NS,NS,NS,NS
612,or-70-20-1-UC-20,140,350,0.66,NS,NS,NS,NS,NS
613,or-70-20-1-UC-30,140,350,0.41,NS,NS,NS,NS,NS
614,or-70-20-1-UC-40,140,350,0.08,NS,NS,NS,NS,NS
615,or-70-20-2,140,350,MO,-,-,-,-,-
616,or-70-20-2-UC-10,140,350,10.96,NS,NS,NS,NS,NS
617,or-70-20-2-UC-20,140,350,3.93,NS,NS,NS,NS,NS
618,or-70-20-2-UC-30,140,350,0.53,NS,NS,NS,NS,NS
619,or-70-20-2-UC-40,140,350,0.03,NS,NS,NS,NS,NS
620,or-70-20-3,140,350,TO,-,-,-,-,-
621,or-70-20-3-UC-10,140,350,200.62,MO,MO,MO,MO,MO
622,or-70-20-3-UC-40,140,350,0.08,NS,NS,NS,NS,NS
623,or-70-20-4,140,350,TO,-,-,-,-,-
624,or-70-20-4-UC-10,140,350,242.51,MO,MO,MO,MO,MO
625,or-70-20-4-UC-30,140,350,0.04,NS,NS,NS,NS,NS
626,or-70-20-4-UC-40,140,350,0,NS,NS,NS,NS,NS
627,or-70-20-5,140,350,417.06,MO,MO,MO,MO,MO
628,or-70-20-5-UC-10,140,350,60.99,MO,MO,MO,MO,MO
629,or-70-20-5-UC-40,140,350,0.08,NS,NS,NS,NS,NS
630,or-70-20-6,140,350,TO,-,-,-,-,-
631,or-70-20-6-UC-10,140,350,25.1,NS,NS,NS,NS,NS
632,or-70-20-6-UC-20,140,350,0.21,NS,NS,NS,NS,NS
633,or-70-20-6-UC-30,140,350,0,NS,NS,NS,NS,NS
634,or-70-20-6-UC-40,140,350,0.01,NS,NS,NS,NS,NS
635,or-70-20-7,140,350,MO,-,-,-,-,-
636,or-70-20-7-UC-10,140,350,20.62,NS,NS,NS,NS,NS
637,or-70-20-7-UC-20,140,350,7.46,NS,NS,NS,NS,NS
638,or-70-20-7-UC-30,140,350,0.09,NS,NS,NS,NS,NS
639,or-70-20-7-UC-40,140,350,0.04,NS,NS,NS,NS,NS
640,or-70-20-8,140,350,MO,-,-,-,-,-
641,or-70-20-8-UC-10,140,350,MO,MO,MO,MO,MO,MO
642,or-70-20-8-UC-20,140,350,85.27,MO,MO,MO,MO,MO
643,or-70-20-8-UC-30,140,350,3.52,NS,NS,NS,NS,NS
644,or-70-20-8-UC-40,140,350,0.17,NS,NS,NS,NS,NS
645,or-70-20-9,140,350,TO,-,-,-,-,-
646,or-70-20-9-UC-20,140,350,0.01,NS,NS,NS,NS,NS
647,or-70-20-9-UC-30,140,350,0,NS,NS,NS,NS,NS
648,or-70-20-9-UC-40,140,350,0,NS,NS,NS,NS,NS
649,or-70-5-10,140,350,MO,-,-,-,-,-
650,or-70-5-10-UC-10,140,350,4.22,NS,NS,NS,NS,NS
651,or-70-5-10-UC-30,140,350,0.02,NS,NS,NS,NS,NS
652,or-70-5-10-UC-40,140,350,0.01,NS,NS,NS,NS,NS
653,or-70-5-1,140,350,MO,-,-,-,-,-
654,or-70-5-1-UC-20,140,350,0,NS,NS,NS,NS,NS
655,or-70-5-1-UC-30,140,350,0,NS,NS,NS,NS,NS
656,or-70-5-1-UC-40,140,350,0,NS,NS,NS,NS,NS
657,or-70-5-2,140,350,MO,-,-,-,-,-
658,or-70-5-2-UC-10,140,350,4.93,NS,NS,NS,NS,NS
659,or-70-5-2-UC-20,140,350,0.22,NS,NS,NS,NS,NS
660,or-70-5-2-UC-30,140,350,0,NS,NS,NS,NS,NS
661,or-70-5-3,140,350,MO,-,-,-,-,-
662,or-70-5-3-UC-10,140,350,0.05,NS,NS,NS,NS,NS
663,or-70-5-3-UC-20,140,350,0.01,NS,NS,NS,NS,NS
664,or-70-5-3-UC-30,140,350,0.01,NS,NS,NS,NS,NS
665,or-70-5-3-UC-40,140,350,0.01,NS,NS,NS,NS,NS
666,or-70-5-4,140,350,MO,-,-,-,-,-
667,or-70-5-4-UC-10,140,350,20.01,NS,NS,NS,NS,NS
668,or-70-5-4-UC-20,140,350,0.44,NS,NS,NS,NS,NS
669,or-70-5-4-UC-30,140,350,0.11,NS,NS,NS,NS,NS
670,or-70-5-4-UC-40,140,350,0.01,NS,NS,NS,NS,NS
671,or-70-5-5,140,350,MO,-,-,-,-,-
672,or-70-5-5-UC-20,140,350,0.66,NS,NS,NS,NS,NS
673,or-70-5-5-UC-30,140,350,0,NS,NS,NS,NS,NS
674,or-70-5-5-UC-40,140,350,0,NS,NS,NS,NS,NS
675,or-70-5-6,140,350,MO,-,-,-,-,-
676,or-70-5-6-UC-10,140,350,84.68,MO,MO,MO,MO,MO
677,or-70-5-6-UC-20,140,350,0.43,NS,NS,NS,NS,NS
678,or-70-5-6-UC-30,140,350,0.02,NS,NS,NS,NS,NS
679,or-70-5-6-UC-40,140,350,0,NS,NS,NS,NS,NS
680,or-70-5-7,140,350,390.5,MO,MO,MO,MO,MO
681,or-70-5-7-UC-10,140,350,12.26,NS,NS,NS,NS,NS
682,or-70-5-7-UC-20,140,350,0.19,NS,NS,NS,NS,NS
683,or-70-5-7-UC-30,140,350,0,NS,NS,NS,NS,NS
684,or-70-5-7-UC-40,140,350,0,NS,NS,NS,NS,NS
685,or-70-5-8,140,350,TO,-,-,-,-,-
686,or-70-5-8-UC-30,140,350,0.01,NS,NS,NS,NS,NS
687,or-70-5-8-UC-40,140,350,0,NS,NS,NS,NS,NS
688,or-70-5-9,140,350,TO,-,-,-,-,-
689,or-70-5-9-UC-20,140,350,0.02,NS,NS,NS,NS,NS
690,or-70-5-9-UC-30,140,350,0.01,NS,NS,NS,NS,NS
691,or-70-5-9-UC-40,140,350,0,NS,NS,NS,NS,NS
692,ProcessBean.sk_8_64,4768,14458,11.34,NS,NS,NS,NS,NS
693,ProjectService3.sk_12_55,3175,11019,13.8,NS,NS,NS,NS,NS
694,s1196a_15_7,777,2165,0.8,NS,NS,NS,NS,NS
695,s1196a_3_2,690,1805,0.6,NS,NS,NS,NS,NS
696,s1196a_7_4,708,1881,0.72,NS,NS,NS,NS,NS
697,s1238a_15_7,773,2210,1.41,NS,NS,NS,NS,NS
698,s1238a_3_2,686,1850,0.99,NS,NS,NS,NS,NS
699,s1238a_7_4,704,1926,0.92,NS,NS,NS,NS,NS
700,s13207a_15_7,9455,20919,554.22,MO,MO,MO,MO,MO
701,s13207a_3_2,9368,20559,257.47,MO,MO,MO,MO,MO
702,s13207a_7_4,9386,20635,601.86,MO,MO,MO,MO,MO
703,s1423a_15_7,864,2248,21.26,NS,NS,NS,NS,NS
704,s1423a_3_2,777,1888,5.57,NS,NS,NS,NS,NS
705,s1423a_7_4,795,1964,MO,NS,NS,NS,NS,NS
706,s1488_15_7,941,2783,0.08,NS,NS,NS,NS,NS
707,s1488_3_2,854,2423,0.05,NS,NS,NS,NS,NS
708,s1488_7_4,872,2499,0.08,NS,NS,NS,NS,NS
709,s15850a_15_7,10995,24836,MO,-,-,-,-,-
710,s15850a_3_2,10908,24476,MO,-,-,-,-,-
711,s15850a_7_4,10926,24552,MO,-,-,-,-,-
712,s298_15_7,292,870,0.08,NS,NS,NS,NS,NS
713,s298_7_4,223,586,0.02,NS,NS,NS,NS,NS
714,s344_15_7,284,824,0.03,NS,NS,NS,NS,NS
715,s344_3_2,197,464,0.06,NS,NS,NS,NS,NS
716,s344_7_4,215,540,0.02,NS,NS,NS,NS,NS
717,s35932_15_7,17918,44709,3.62,NS,NS,NS,NS,NS
718,s35932_3_2,17831,44349,2.67,NS,NS,NS,NS,NS
719,s35932_7_4,17849,44425,1.72,NS,NS,NS,NS,NS
720,s382_15_7,350,995,0.08,NS,NS,NS,NS,NS
721,s382_3_2,263,635,0.01,NS,NS,NS,NS,NS
722,s38417_15_7,25615,57946,MO,-,-,-,-,-
723,s38417_3_2,25528,57586,MO,-,-,-,-,-
724,s38417_7_4,25546,57662,MO,-,-,-,-,-
725,s38584_15_7,23492,57754,MO,-,-,-,-,-
726,s38584_3_2,23405,57394,MO,-,-,-,-,-
727,s38584_7_4,23423,57470,MO,-,-,-,-,-
728,s420_15_7,366,994,0.09,NS,NS,NS,NS,NS
729,s420_3_2,294,694,0.01,NS,NS,NS,NS,NS
730,s420_7_4,312,770,0.03,NS,NS,NS,NS,NS
731,s420_new1_15_7,366,994,0.08,NS,NS,NS,NS,NS
732,s420_new1_3_2,294,694,0.01,NS,NS,NS,NS,NS
733,s420_new_15_7,351,934,0.03,NS,NS,NS,NS,NS
734,s420_new1_7_4,312,770,0.03,NS,NS,NS,NS,NS
735,s420_new_3_2,294,694,0.02,NS,NS,NS,NS,NS
736,s420_new_7_4,312,770,0.03,NS,NS,NS,NS,NS
737,s444_15_7,377,1072,0.14,NS,NS,NS,NS,NS
738,s444_3_2,290,712,0.01,NS,NS,NS,NS,NS
739,s444_7_4,308,788,MO,NS,NS,NS,NS,NS
740,s510_15_7,340,948,0.01,NS,NS,NS,NS,NS
741,s510_3_2,298,768,0.01,NS,NS,NS,NS,NS
742,s510_7_4,316,844,0.01,NS,NS,NS,NS,NS
743,s526_15_7,452,1303,0.41,NS,NS,NS,NS,NS
744,s526_3_2,365,943,0.08,NS,NS,NS,NS,NS
745,s526_7_4,383,1019,0.17,NS,NS,NS,NS,NS
746,s526a_15_7,453,1304,0.48,NS,NS,NS,NS,NS
747,s526a_3_2,366,944,0.07,NS,NS,NS,NS,NS
748,s526a_7_4,384,1020,0.16,NS,NS,NS,NS,NS
749,s5378a_15_7,3766,8732,MO,-,-,-,-,-
750,s5378a_3_2,3679,8372,MO,-,-,-,-,-
751,s5378a_7_4,3697,8448,MO,-,-,-,-,-
752,s641_15_7,576,1399,2.96,NS,NS,NS,NS,NS
753,s641_3_2,489,1039,0.58,NS,NS,NS,NS,NS
754,s641_7_4,507,1115,0.79,NS,NS,NS,NS,NS
755,s713_15_7,596,1477,MO,NS,NS,NS,NS,NS
756,s713_3_2,509,1117,0.52,NS,NS,NS,NS,NS
757,s713_7_4,527,1193,0.66,NS,NS,NS,NS,NS
758,s820a_15_7,685,1987,0.03,NS,NS,NS,NS,NS
759,s820a_3_2,598,1627,0.01,NS,NS,NS,NS,NS
760,s820a_7_4,616,1703,0.01,NS,NS,NS,NS,NS
761,s832a_15_7,693,2017,0.04,NS,NS,NS,NS,NS
762,s832a_3_2,606,1657,0.02,NS,NS,NS,NS,NS
763,s832a_7_4,624,1733,0.02,NS,NS,NS,NS,NS
764,s838_15_7,685,1774,0.18,NS,NS,NS,NS,NS
765,s838_3_2,598,1414,0.05,NS,NS,NS,NS,NS
766,s838_7_4,616,1490,0.08,NS,NS,NS,NS,NS
767,s9234a_15_7,6382,14839,MO,-,-,-,-,-
768,s9234a_3_2,6295,14479,MO,-,-,-,-,-
769,s9234a_7_4,6313,14555,MO,-,-,-,-,-
770,s953a_15_7,602,1657,0.24,NS,NS,NS,NS,NS
771,s953a_3_2,515,1297,0.2,NS,NS,NS,NS,NS
772,s953a_7_4,533,1373,0.14,NS,NS,NS,NS,NS
773,sort.sk_8_52,12125,49611,260.08,MO,MO,MO,MO,MO
